value, frequency
1, 0
2, 0
3, 0.00465
4, 0.014312
5, 0.02794
6, 0.045898
7, 0.069568
8, 0.096652
9, 0.114876
10, 0.124702
11, 0.125782
12, 0.116162
13, 0.097576
14, 0.069204
15, 0.046106
16, 0.028096
17, 0.013666
18, 0.00481
